data_source,date,group,count
HuBMAP Datasets,2026-03-20,Unregistered,2604
HuBMAP Datasets,2026-03-20,Exempt,2155
HuBMAP Datasets,2026-03-20,Registered,11870
HuBMAP Datasets,2026-03-26,Unregistered,2604
HuBMAP Datasets,2026-03-26,Exempt,2155
HuBMAP Datasets,2026-03-26,Registered,11870
HuBMAP Datasets,2026-05-01,Unregistered,2604
HuBMAP Datasets,2026-05-01,Exempt,2155
HuBMAP Datasets,2026-05-01,Registered,11870
HuBMAP Datasets,2026-05-08,Unregistered,2604
HuBMAP Datasets,2026-05-08,Exempt,2155
HuBMAP Datasets,2026-05-08,Registered,11870
HuBMAP Datasets,2026-05-19,Unregistered,4438
HuBMAP Datasets,2026-05-19,Exempt,375
HuBMAP Datasets,2026-05-19,Registered,5964
HuBMAP Datasets,2026-06-05,Unregistered,4899
HuBMAP Datasets,2026-06-05,Exempt,375
HuBMAP Datasets,2026-06-05,Registered,6051
HuBMAP Datasets,2026-06-12,Unregistered,4911
HuBMAP Datasets,2026-06-12,Exempt,375
HuBMAP Datasets,2026-06-12,Registered,6067
HuBMAP Datasets,2026-06-26,Unregistered,5256
HuBMAP Datasets,2026-06-26,Exempt,375
HuBMAP Datasets,2026-06-26,Registered,6067
HuBMAP Datasets,2026-07-02,Unregistered,5262
HuBMAP Datasets,2026-07-02,Exempt,375
HuBMAP Datasets,2026-07-02,Registered,6157
HuBMAP Datasets,2026-07-31,Unregistered,5713
HuBMAP Datasets,2026-07-31,Exempt,263
HuBMAP Datasets,2026-07-31,Registered,6516
HuBMAP Blocks,2026-05-18,Unregistered,2592
HuBMAP Blocks,2026-05-18,Exempt,0
HuBMAP Blocks,2026-05-18,Registered,2589
HuBMAP Blocks,2026-05-19,Unregistered,2606
HuBMAP Blocks,2026-05-19,Exempt,0
HuBMAP Blocks,2026-05-19,Registered,2589
HuBMAP Blocks,2026-06-05,Unregistered,2604
HuBMAP Blocks,2026-06-05,Exempt,0
HuBMAP Blocks,2026-06-05,Registered,2590
HuBMAP Blocks,2026-06-12,Unregistered,2604
HuBMAP Blocks,2026-06-12,Exempt,0
HuBMAP Blocks,2026-06-12,Registered,2590
HuBMAP Blocks,2026-06-26,Unregistered,2604
HuBMAP Blocks,2026-06-26,Exempt,0
HuBMAP Blocks,2026-06-26,Registered,2590
HuBMAP Blocks,2026-07-02,Unregistered,2597
HuBMAP Blocks,2026-07-02,Exempt,0
HuBMAP Blocks,2026-07-02,Registered,2597
HuBMAP Blocks,2026-07-31,Unregistered,2431
HuBMAP Blocks,2026-07-31,Exempt,0
HuBMAP Blocks,2026-07-31,Registered,2763
SenNet Datasets,2026-02-06,Unregistered,1082
SenNet Datasets,2026-02-06,Exempt,2584
SenNet Datasets,2026-02-06,Registered,2186
SenNet Datasets,2026-02-13,Unregistered,1087
SenNet Datasets,2026-02-13,Exempt,2584
SenNet Datasets,2026-02-13,Registered,2181
SenNet Datasets,2026-02-19,Unregistered,929
SenNet Datasets,2026-02-19,Exempt,2667
SenNet Datasets,2026-02-19,Registered,2260
SenNet Datasets,2026-02-27,Unregistered,910
SenNet Datasets,2026-02-27,Exempt,2667
SenNet Datasets,2026-02-27,Registered,2269
SenNet Datasets,2026-03-06,Unregistered,910
SenNet Datasets,2026-03-06,Exempt,2667
SenNet Datasets,2026-03-06,Registered,2269
SenNet Datasets,2026-03-12,Unregistered,892
SenNet Datasets,2026-03-12,Exempt,2667
SenNet Datasets,2026-03-12,Registered,2319
SenNet Datasets,2026-03-27,Unregistered,892
SenNet Datasets,2026-03-27,Exempt,2667
SenNet Datasets,2026-03-27,Registered,2319
SenNet Datasets,2026-04-23,Unregistered,916
SenNet Datasets,2026-04-23,Exempt,2677
SenNet Datasets,2026-04-23,Registered,2319
SenNet Datasets,2026-05-01,Unregistered,894
SenNet Datasets,2026-05-01,Exempt,2677
SenNet Datasets,2026-05-01,Registered,2380
SenNet Datasets,2026-05-19,Unregistered,130
SenNet Datasets,2026-05-19,Exempt,2436
SenNet Datasets,2026-05-19,Registered,1721
SenNet Datasets,2026-06-05,Unregistered,130
SenNet Datasets,2026-06-05,Exempt,2450
SenNet Datasets,2026-06-05,Registered,1771
SenNet Datasets,2026-06-12,Unregistered,130
SenNet Datasets,2026-06-12,Exempt,2450
SenNet Datasets,2026-06-12,Registered,1813
SenNet Datasets,2026-06-26,Unregistered,137
SenNet Datasets,2026-06-26,Exempt,2442
SenNet Datasets,2026-06-26,Registered,1813
SenNet Datasets,2026-07-02,Unregistered,134
SenNet Datasets,2026-07-02,Exempt,446
SenNet Datasets,2026-07-02,Registered,1816
SenNet Datasets,2026-07-31,Unregistered,110
SenNet Datasets,2026-07-31,Exempt,498
SenNet Datasets,2026-07-31,Registered,2032
SenNet Blocks,2026-05-18,Unregistered,1090
SenNet Blocks,2026-05-18,Exempt,3715
SenNet Blocks,2026-05-18,Registered,2197
SenNet Blocks,2026-05-19,Unregistered,1090
SenNet Blocks,2026-05-19,Exempt,3715
SenNet Blocks,2026-05-19,Registered,2197
SenNet Blocks,2026-06-05,Unregistered,1019
SenNet Blocks,2026-06-05,Exempt,3745
SenNet Blocks,2026-06-05,Registered,2341
SenNet Blocks,2026-06-12,Unregistered,1027
SenNet Blocks,2026-06-12,Exempt,3793
SenNet Blocks,2026-06-12,Registered,2341
SenNet Blocks,2026-06-26,Unregistered,1043
SenNet Blocks,2026-06-26,Exempt,3793
SenNet Blocks,2026-06-26,Registered,2342
SenNet Blocks,2026-07-02,Unregistered,1040
SenNet Blocks,2026-07-02,Exempt,2677
SenNet Blocks,2026-07-02,Registered,2345
SenNet Blocks,2026-07-31,Unregistered,838
SenNet Blocks,2026-07-31,Exempt,2879
SenNet Blocks,2026-07-31,Registered,2345
CTann,2026-04-02,Unregistered,25
CTann,2026-04-02,Exempt,83
CTann,2026-04-02,Registered,7
CTann,2026-04-17,Unregistered,11
CTann,2026-04-17,Exempt,97
CTann,2026-04-17,Registered,7
CTann,2026-04-22,Unregistered,10
CTann,2026-04-22,Exempt,98
CTann,2026-04-22,Registered,8
CTann,2026-05-01,Unregistered,10
CTann,2026-05-01,Exempt,98
CTann,2026-05-01,Registered,8
CTann,2026-06-05,Unregistered,10
CTann,2026-06-05,Exempt,98
CTann,2026-06-05,Registered,47
CTann,2026-07-03,Unregistered,10
CTann,2026-07-03,Exempt,98
CTann,2026-07-03,Registered,47
CTann,2026-07-31,Unregistered,10
CTann,2026-07-31,Exempt,98
CTann,2026-07-31,Registered,47
KPMP Healthy,2026-01-01,Unregistered,0
KPMP Healthy,2026-01-01,Exempt,0
KPMP Healthy,2026-01-01,Registered,1062
KPMP Healthy,2026-03-01,Unregistered,0
KPMP Healthy,2026-03-01,Exempt,0
KPMP Healthy,2026-03-01,Registered,1062
KPMP Healthy,2026-07-01,Unregistered,0
KPMP Healthy,2026-07-01,Exempt,0
KPMP Healthy,2026-07-01,Registered,805
KPMP Healthy,2026-07-31,Unregistered,0
KPMP Healthy,2026-07-31,Exempt,0
KPMP Healthy,2026-07-31,Registered,805
KPMP Unhealthy,2026-01-01,Unregistered,0
KPMP Unhealthy,2026-01-01,Exempt,0
KPMP Unhealthy,2026-01-01,Registered,11510
KPMP Unhealthy,2026-03-01,Unregistered,0
KPMP Unhealthy,2026-03-01,Exempt,0
KPMP Unhealthy,2026-03-01,Registered,11510
KPMP Unhealthy,2026-07-01,Unregistered,694
KPMP Unhealthy,2026-07-01,Exempt,0
KPMP Unhealthy,2026-07-01,Registered,11510
CIFAR,2026-04-01,Unregistered,0
CIFAR,2026-04-01,Exempt,0
CIFAR,2026-04-01,Registered,110
CIFAR,2026-05-01,Unregistered,0
CIFAR,2026-05-01,Exempt,0
CIFAR,2026-05-01,Registered,116
CIFAR,2026-06-05,Unregistered,0
CIFAR,2026-06-05,Exempt,0
CIFAR,2026-06-05,Registered,116
CIFAR,2026-07-03,Unregistered,0
CIFAR,2026-07-03,Exempt,0
CIFAR,2026-07-03,Registered,116
CIFAR,2026-07-31,Unregistered,0
CIFAR,2026-07-31,Exempt,0
CIFAR,2026-07-31,Registered,116
OMAP,2026-02-06,Unregistered,5
OMAP,2026-02-06,Exempt,27
OMAP,2026-02-06,Registered,5
OMAP,2026-03-06,Unregistered,5
OMAP,2026-03-06,Exempt,27
OMAP,2026-03-06,Registered,5
OMAP,2026-04-03,Unregistered,5
OMAP,2026-04-03,Exempt,27
OMAP,2026-04-03,Registered,5
OMAP,2026-05-01,Unregistered,5
OMAP,2026-05-01,Exempt,27
OMAP,2026-05-01,Registered,5
OMAP,2026-06-01,Unregistered,6
OMAP,2026-06-01,Exempt,18
OMAP,2026-06-01,Registered,14
OMAP,2026-07-03,Unregistered,6
OMAP,2026-07-03,Exempt,18
OMAP,2026-07-03,Registered,14
OMAP,2026-07-31,Unregistered,6
OMAP,2026-07-31,Exempt,18
OMAP,2026-07-31,Registered,14
MOSDAP,2026-05-01,Unregistered,200
MOSDAP,2026-05-01,Exempt,0
MOSDAP,2026-05-01,Registered,0
MOSDAP,2026-06-04,Unregistered,190
MOSDAP,2026-06-04,Exempt,0
MOSDAP,2026-06-04,Registered,10
MOSDAP,2026-06-12,Unregistered,176
MOSDAP,2026-06-12,Exempt,0
MOSDAP,2026-06-12,Registered,24
MOSDAP,2026-06-19,Unregistered,176
MOSDAP,2026-06-19,Exempt,0
MOSDAP,2026-06-19,Registered,24
MOSDAP,2026-06-26,Unregistered,176
MOSDAP,2026-06-26,Exempt,0
MOSDAP,2026-06-26,Registered,24
MOSDAP,2026-07-31,Unregistered,153
MOSDAP,2026-07-31,Exempt,0
MOSDAP,2026-07-31,Registered,47
SWAT,2026-02-06,Unregistered,100
SWAT,2026-02-06,Exempt,38
SWAT,2026-02-06,Registered,152
SWAT,2026-03-06,Unregistered,100
SWAT,2026-03-06,Exempt,38
SWAT,2026-03-06,Registered,152
SWAT,2026-04-03,Unregistered,100
SWAT,2026-04-03,Exempt,38
SWAT,2026-04-03,Registered,152
SWAT,2026-05-01,Unregistered,80
SWAT,2026-05-01,Exempt,38
SWAT,2026-05-01,Registered,172
SWAT,2026-06-01,Unregistered,75
SWAT,2026-06-01,Exempt,38
SWAT,2026-06-01,Registered,177
SWAT,2026-07-03,Unregistered,75
SWAT,2026-07-03,Exempt,38
SWAT,2026-07-03,Registered,177
CDE,2026-06-05,Unregistered,0
CDE,2026-06-05,Exempt,211
CDE,2026-06-05,Registered,218
CDE,2026-07-03,Unregistered,0
CDE,2026-07-03,Exempt,211
CDE,2026-07-03,Registered,218
CDE,2026-07-31,Unregistered,0
CDE,2026-07-31,Exempt,211
CDE,2026-07-31,Registered,218